<?xml version="1.0" encoding="UTF-8"?>
<configuration>
    <!-- Timeout de conexión en milisegundos -->
    <property>
        <name>fs.s3a.connection.timeout</name>
        <value>60000</value>
    </property>

    <!-- Timeout para establecer conexión -->
    <property>
        <name>fs.s3a.connection.establish.timeout</name>
        <value>60000</value>
    </property>

    <!-- Número máximo de intentos al conectarse a S3 -->
    <property>
        <name>fs.s3a.attempts.maximum</name>
        <value>10</value>
    </property>

    <!-- Configuración de S3AFileSystem -->
    <property>
        <name>fs.s3a.impl</name>
        <value>org.apache.hadoop.fs.s3a.S3AFileSystem</value>
    </property>
</configuration>
